<?xml version="1.0" encoding="UTF-8"?>
<!DOCTYPE generatorConfiguration
  PUBLIC "-//mybatis.org//DTD MyBatis Generator Configuration 1.0//EN"
  "http://mybatis.org/dtd/mybatis-generator-config_1_0.dtd">

<generatorConfiguration>
	<classPathEntry location="G:\mybatis-generator-core-1.3.2\lib\mysql-connector-5.1.8.jar" />
	<context id="sysGenerator" targetRuntime="MyBatis3">
		<commentGenerator>    
            <property name="suppressDate" value="true"/>    
            <!-- 是否去除自动生成的注释 true：是 ： false:否 -->    
            <property name="suppressAllComments" value="true"/>    
        </commentGenerator> 
		

		<!-- 数据库链接url、用户名、密码 --> 
		<jdbcConnection driverClass="com.mysql.jdbc.Driver"
			connectionURL="jdbc:mysql://localhost:3306/test1" 
			userId="root" password="123456">
		</jdbcConnection>

		<!-- 生成实体类的位置 --> 
		<javaModelGenerator targetPackage="xyz.heykin.test.persistence"
			targetProject="G:\mybatis-generator-core-1.3.2\lib">
			<property name="enableSubPackages" value="true" />
			<property name="trimStrings" value="true" />
		</javaModelGenerator>

		<!-- 生成配置文件的位置 --> 
		<sqlMapGenerator targetPackage="xyz.heykin.test.mapping"
			targetProject="G:\mybatis-generator-core-1.3.2\lib">
			<property name="enableSubPackages" value="true" />
		</sqlMapGenerator>

		<!-- 生成DAO的位置 --> 
		<javaClientGenerator type="XMLMAPPER"
			targetPackage="xyz.heykin.test.repository" targetProject="F:\mybatis-generator-core-1.3.2\lib">
			<property name="enableSubPackages" value="true" />
		</javaClientGenerator>

		<!-- 要生成的表tableName是数据库中的表名或视图名 domainObjectName为实体类名 --> 
		<table tableName="user" domainObjectName="User" enableCountByExample="false"
			enableUpdateByExample="false" enableDeleteByExample="false"
			enableSelectByExample="false" selectByExampleQueryId="false">
			
		</table>
	</context>
</generatorConfiguration>
